FilterItLogS,ZMIC1,Lipinski,RNCG,PEOE_VSA6,logS
-1.5377462934674953,22.108458593344352,1,0.6774367609425247,17.696185628620217,-0.73
0.0037153563930183,24.127456132719484,1,0.3634825657728475,0.0,0.94
-2.0084753522069088,30.423328236220115,1,0.1808380024805676,13.847474399381248,-2.23
-1.8935864143233605,23.72654613161715,1,0.4245671205720752,0.0,-1.6
-3.2788195352032306,34.9761493040408,1,0.1969160118108311,0.0,-2.62
-0.4229175493769162,27.50210646629833,1,0.2051791009800483,0.0,-0.4
-1.9334213848150248,23.00989850849939,1,0.1572664860610682,35.89528683400505,-2.21
-1.7384143688016214,16.281626451835294,1,0.6336881141219429,13.344558822616634,-0.8
0.814664405997089,17.25,1,0.4738435524075167,0.0,0.32
-5.476098173351177,68.89526559732569,1,0.2841004465602195,58.00469945116258,-5.82
-3.371932386945561,43.7709762989226,1,0.6564847878898402,34.802819670697545,-2.21
-0.5786733952133488,26.490360470993423,1,0.4355215913052869,12.13273413692322,0.62
-3.364429757905245,39.29022709499203,1,0.2714162305665289,17.667306958694127,-3.55
-3.5830040465119937,34.62932163873129,1,0.4071585125802258,45.448666937246685,-4.69
-4.904246822123644,65.24236762638546,1,0.5580567529052485,58.00469945116258,-4.28
1.6337967224129748,65.25392665267077,0,0.0990047979551558,12.13273413692322,-0.742
-1.1914635302044123,28.72528958917005,1,0.8816674695738641,22.590870627068057,-1.0
-1.1956906928912894,25.69832886099526,1,0.4633188235989277,6.06636706846161,-1.01
-3.3687625528744456,41.31590708808445,1,0.1611095477235827,13.847474399381248,-5.16
-0.8194067074709033,22.853496664211537,1,0.4295454814255828,23.97975839243781,-1.77
-4.017807577595526,43.83184756464779,1,0.2483843623980058,19.420578929450517,-3.817
-3.422243802004493,29.78051841999937,1,0.4369159040197206,39.02784531432067,-3.3
-1.1229889280331833,19.74937501201927,1,0.1999999999999999,32.10410811463005,-2.64
-1.906195607248686,26.578444436108757,1,0.528313435157089,20.771211599071872,-2.32
-2.004510367802073,16.387259602777974,1,0.4415710057337216,13.344558822616634,-2.03
-2.483689537904911,38.23693027897291,1,0.2864541595597786,12.990104268152232,-4.955
-2.1299107218088973,33.15450936039659,1,0.3116903930765027,34.802819670697545,-2.0
-0.9944175574732804,30.004281985031803,1,0.3339838041144836,0.0,-1.34
-1.4734632354264896,24.18947501009619,1,0.337953349194981,29.78081546406353,-1.64
-1.9719886808931744,46.529325012980806,1,0.1666666666666666,0.0,-2.89
-2.916172212561415,55.80832258796112,1,0.201322891702834,35.353919994132795,-5.4
-2.485961109091407,37.714826741747245,1,0.228103690352701,0.0,-3.658
-3.0063613834418064,25.931763284444852,1,0.4718237804038441,26.689117645233267,-2.58
-4.71013199860684,41.39499298337304,1,0.0887914314312184,0.0,-5.23
-2.165038744979885,19.35137166788568,1,0.5695523771328286,19.765380445542643,-1.45
1.0804224982126087,21.95500746208832,1,0.3348258433340383,0.0,1.12
-3.5659100952418843,50.64635140323914,1,0.189695759554743,11.600939890232516,-2.68
-2.968502394121514,26.78820794614243,1,0.1215001410852428,38.112942673227685,-3.76
-1.3531077339907736,20.177181234846262,1,0.6736664645332388,6.4208216229260096,-0.6
-1.364304252980212,21.0,1,0.1666666666666666,36.39820241076966,-1.64
-1.701736293467495,24.712370055513823,1,0.6938979238553065,18.19910120538483,-1.85
-6.837688204654549,64.53106537470407,0,0.0948993931375681,82.27016772500902,-7.15
-3.9834785828916974,46.82109597482322,1,0.2111675963146329,30.33183534230805,-3.37
-1.3471543688016214,18.405957256240747,1,0.6450606145211832,20.771211599071872,-0.72
-2.332420418988552,20.4369801593275,1,0.4058002702852996,13.847474399381248,-2.58
-0.8182970716395099,17.395894410479876,1,0.6768610986477239,20.771211599071872,-0.4
-1.9100885629909348,26.145699318816817,1,0.4327992658817615,12.13273413692322,-1.96
-1.6752070385751994,22.722525673381703,1,0.5915263604723827,20.268296022307258,-0.98
-4.364105971730233,50.98395677368063,1,0.2182028403104167,18.19910120538483,-4.7
-4.572544270369208,42.55021847786789,1,0.2312501413580994,36.39820241076966,-3.535
-3.342302394121514,28.080689196503,1,0.1188447767040958,38.112942673227685,-3.75
-3.043419149428514,33.93461543114042,1,0.3204558358501987,0.0,-4.57
-2.8059242914310127,28.642598148711087,1,0.3238386409165369,11.600939890232516,-2.564
-7.212896087369261,76.64336371180667,0,0.1377486118922047,64.07106651962418,-7.32
-2.7740334928558967,35.98459697692926,1,0.2582789575044686,11.600939890232516,-4.31
0.0598565925347027,54.29620163043727,1,0.1642080626302589,34.802819670697545,-1.84
-0.7800503492862519,15.237949406953986,1,0.806814958623742,0.0,0.11
-3.871231533997496,39.68925901792807,1,0.1326677637733119,52.328146308719006,-4.35
-1.7934726851397882,25.466612132397216,1,0.7159332888435369,11.600939890232516,-0.7
-0.8182970716395099,17.395894410479876,1,0.7055655746121532,6.923737199690624,0.15
-3.234931456357556,29.54776752067228,1,0.2982836839569634,25.12283840507545,-2.09
-2.8583717442449825,22.663627376552,1,0.3219512986480396,26.186202068468653,-3.12
-1.7936661124533475,17.71551634031143,1,0.1893606834370442,33.61285484492389,-3.74
-1.0265874860420543,15.598667959946235,1,0.2576038170751697,12.152040213667762,-2.09
-4.312726778417728,44.08762462366307,1,0.2163246454821818,41.93277523254056,-3.952
-3.483713862379734,40.90817278774705,1,0.3075348698428765,25.4965990362844,-4.12
-2.4943473456807688,27.97434339865186,1,0.2660256556944799,0.0,-0.12
-2.003197444955271,37.48241808752197,1,0.3880599205467065,39.13182367841438,-1.54
-4.030296457048628,46.26736663531352,1,0.4359412086963024,30.33183534230805,-5.17
-3.509383175718118,50.585475268906784,1,0.3148031124849375,36.417508487514205,-4.95
-2.9771893461589034,26.68195724616384,1,0.3797590156664044,11.600939890232516,-2.831
-0.7375761144083834,21.736341672916684,1,0.3505050675886699,0.0,0.3
-1.8760179718818,17.701015636705154,1,0.2112550578773827,31.917420659210403,-3.82
-6.328636744352935,58.28737500568233,0,0.0740184419985115,103.7389771203454,-8.4
0.6023859796060616,7.962406251802889,1,1.0,0.0,1.57
-0.3481257229235901,7.867668746754797,1,0.5,13.847474399381248,-1.36
-3.850236358103065,44.482900233878325,1,0.166285189462724,12.13273413692322,-6.34
-0.9300227810523284,11.301246680262716,1,0.3492107132347019,12.999757306524504,-1.94
-1.472358863853532,23.38063809473993,1,0.278418797534485,0.0,-2.12
-1.4174387449798849,23.15322133759171,1,0.5726748362814674,27.694948798762496,-1.3
-0.4111032542586095,16.78887726813674,1,0.5,0.0,0.48
-0.1050189455064107,9.685714585616994,1,1.0,0.0,0.26
-2.720192333505154,23.7198558743247,1,0.2987700976077512,35.69532434349199,-3.08
-3.948708172690967,49.0025178468844,1,0.2146374373998997,48.53093654769288,-3.35
-2.785226935841852,44.20196362953421,1,0.1794562673883098,25.4965990362844,-4.37
-1.4107776514077517,26.75,1,0.3956774646712411,6.06636706846161,-2.19
-6.462741224544595,66.38470055548584,0,0.1474862823549941,52.47012662939168,-6.57
-4.345056503644125,45.71917396620595,1,0.334105237493297,23.20187978046503,-6.09
-3.5028087403255728,50.120804183253256,1,0.1758468231528026,31.859887795898697,-4.07
-2.485399979011954,60.058325467503735,1,0.1525023123773133,0.0,-3.083
-0.9520325196985004,26.28885915025297,1,0.2033550613829317,0.0,-2.523
-1.1457316550674257,17.762556474120785,1,0.6432110145510882,6.06636706846161,0.76
-4.864611051438684,48.68239178347923,1,0.1826737278490544,23.733674027155736,-4.571
-4.333720518981872,40.65477224890067,1,0.1668441167250018,12.152040213667764,-6.124
-5.71292411407505,47.83586589861224,1,0.2545363380432089,35.866408164078955,-5.839
-2.317110051660336,42.743297928611824,1,0.1190888394491853,0.0,-3.685
-1.9254779017861117,20.14385474176344,1,0.510577290595356,13.847474399381248,-1.75
-3.1868136527279023,52.53946286043463,1,0.1846442166863439,45.92300911926414,-6.005
-3.721082694466638,45.48911119057932,1,0.2489611163215325,24.26546827384644,-4.749
-3.309310096595461,38.84226034124941,1,0.25,0.0,-3.14
-2.207932278361068,21.217420313642563,1,0.1673931632528678,40.53659204461451,-4.23
-3.7746997069315738,41.85881571739795,1,0.2666772728430476,25.34101324830616,-5.66
-2.7155485879621826,38.230234166286486,1,0.2266321692117287,23.20187978046503,-2.82
-1.3001199510676529,24.966417342562742,1,0.4399408055959816,12.13273413692322,-1.96
-4.646163535629335,46.239765575987406,1,0.2677591741953536,23.20187978046503,-4.7
-6.389614764790549,50.53152845588146,0,0.1514078154216533,17.667306958694127,-6.78
-7.274652131322883,75.70121150209421,0,0.0809106679255764,72.79640482153933,-9.018
-3.371932386945561,43.7709762989226,1,0.612197026048242,34.802819670697545,-2.64
-3.353825597522968,31.665679683029317,1,0.2875893562317589,23.36282483962363,-1.716
-2.114547813874047,23.974994992923836,1,0.5255507631712746,33.10993926815928,-2.11
-1.7384143688016214,17.701370144536504,1,0.6345337902467393,13.847474399381248,-0.83
-3.22987012662429,40.75644418093625,1,0.1215261661742286,48.55024262443742,-3.96
-3.4558806815736425,40.4070948474709,1,0.1971103490275953,22.982664686345675,-4.432
-4.061784409951408,42.08427121384108,1,0.2326756863260978,19.420578929450517,-3.48
-3.790573749587873,34.785986860738824,1,0.1077636526639003,49.38830667892189,-4.29
-2.2550646536066745,48.159241512305485,1,0.4549805327083115,43.46082768613121,-1.9
-2.5112415287716336,43.12754885079541,1,0.1639196777926772,0.0,-3.22
-1.9268114647578496,25.75088926769368,1,0.5046537126523355,30.33183534230805,-1.28
-2.447619907802891,40.94499192500061,1,0.1571836322724248,12.13273413692322,-2.676
-0.2269311017819966,13.592517704186708,1,0.6202240011715852,0.0,0.15
-3.741022244430388,41.57505625429069,1,0.2349077506264645,0.0,-4.411
-0.7932208242598805,22.30614971784178,1,0.5009215788655178,0.0,-0.8
-3.61880722455085,35.51933401648575,1,0.1713422252943995,47.99914230100217,-3.93
-1.6876242509628947,25.10381904512676,1,0.3369493365191495,18.19910120538483,-2.12
-1.7934726851397882,25.466612132397216,1,0.6627413666221135,23.733674027155736,-1.06
-2.789194516556836,27.25612815191936,1,0.3872067374218101,11.600939890232516,-2.843
-4.423648374665302,38.90148720736137,1,0.2188149090346452,17.667306958694127,-4.046
-5.31998617385594,59.7045826408458,0,0.1392026933245476,58.55579977459783,-5.64
-1.019050035895562,18.181630889014546,1,0.5828698539661892,0.0,-0.1
-4.011857651918642,40.78370945117334,1,0.3482643991817427,36.39820241076966,-3.67
-5.396232275761336,52.44152468249253,1,0.1650704108727936,6.578935683598497,-4.42
-1.7522492943705288,21.81498609888591,1,0.5838106665723523,18.19910120538483,-2.21
-3.062607502981193,40.89756995910888,1,0.2271252774188457,34.802819670697545,-2.6
-2.413769557103468,27.338320101731743,1,0.1274293804387267,44.179309741689295,-3.27
-0.3986061027898508,14.100285995323071,1,0.7487281778010215,6.923737199690624,0.47
-2.595715725826868,36.04531738028851,1,0.1904122233172235,18.19910120538483,-3.01
-1.833000523204194,22.90045487764427,1,0.4700107956371059,18.19910120538483,-1.8
-5.391961277265739,60.67563406393376,0,0.1313913606825776,58.55579977459783,-6.307
-2.194275933920694,27.8363992259387,1,0.5254604398533248,6.06636706846161,-2.54
-2.194275933920694,27.8363992259387,1,0.5156549312826114,18.19910120538483,-2.42
-2.8218855174037865,33.34470003782063,1,0.1230480534620322,48.53093654769288,-3.6
-0.5786733952133488,26.490360470993423,1,0.4693987521613316,0.0,-0.17
-3.932148798485613,46.64333638093147,1,0.2584072119925031,41.668621220242784,-4.873
-3.3781909819608176,31.691901878037385,1,0.232812694652776,29.800041095617345,-2.338
-0.9623294446868336,19.44134357365111,1,0.3698636265868669,0.0,0.61
-1.800219464761479,23.74937501201927,1,0.1504913719379578,39.53076089108529,-4.47
0.0973540501992399,15.152505992130186,1,0.4325951344646497,0.0,0.85
-4.178778802271463,42.25656388377263,1,0.2666058013606953,19.420578929450517,-3.69
-1.4763438020044926,28.228769597360557,1,0.4919598340872433,27.19203322199788,-2.53
-6.446629430587615,68.57368122728357,0,0.0817349545242954,66.73003775307771,-8.699
-2.3674853522069084,32.522655268766044,1,0.1740515881565774,20.771211599071872,-2.148
-1.7185055235896185,28.527471129656323,1,0.2513645967625564,32.533096548462986,-2.253
-3.000686676979263,43.0260171887638,1,0.2088679783749872,19.420578929450517,-3.24
-3.950038807367465,30.196426248719643,1,0.197429759857806,0.0,-3.19
-2.0957770847062163,23.539629979287703,1,0.6582559351626825,6.06636706846161,-1.38
-2.256759969802085,105.58221387410867,0,0.0843334621243091,13.847474399381248,-5.293
-2.797529767186576,43.354752069865846,1,0.1581059369180031,25.4965990362844,-3.59
-2.97083094024062,39.99700302403298,1,0.5186307032198008,42.46456947923127,-3.48
-5.354963534134187,51.26808825981832,1,0.08840797861393,54.59730361615449,-8.04
-4.171516882844422,42.6011222641914,1,0.2079918117455814,6.06636706846161,-4.047
-1.9904893674421145,36.62628112818964,1,0.2697736424996542,32.10410811463005,-2.218
-2.996931336578293,38.64957370452255,1,0.2903266407319401,32.15293639518503,-4.755
-0.0969757568056431,9.191610758731786,1,0.5155797340483734,0.0,-0.41
-1.6926670385751992,23.14733817698748,1,0.5734909673348976,26.689117645233267,-1.47
-1.7992379289184517,35.75,1,0.25,0.0,-3.39
-2.523771604779748,29.728446880829345,1,0.2931172171121346,11.600939890232516,-2.89
-2.3375655242168603,24.671174904043625,1,0.3817851994265019,12.142387175295491,-1.56
-0.9271230879570366,19.76173847296373,1,0.3987946272658564,0.0,1.1
-2.26738641432336,25.318653351948747,1,0.4535685115945463,0.0,-1.62
-3.6801515754727774,37.51160530768473,1,0.1915298597265749,0.0,-2.86
-2.965548913873437,32.504978507687106,1,0.3387444716728611,18.19910120538483,-3.14
-2.114547813874047,26.63963891406243,1,0.5324704505000045,32.60702369139466,-2.09
-0.8546910494239752,16.47051112264961,1,0.9083136504028676,0.0,-0.82
-2.277339294370529,19.235135455005175,1,0.5812346793945451,0.0,0.38
-0.4615851925521903,58.65357199247685,0,0.1079939764911984,0.0,-1.99
0.2183327446830441,12.4669171866887,1,0.6478410010204406,0.0,0.58
-2.5524986516230177,45.24861643353948,1,0.1877261987748615,12.496841729759891,-3.85
-6.6887972457926645,59.5879106899841,0,0.077538828722553,60.6636706846161,-7.01
-4.582358433809272,52.2414552117028,1,0.1532732653356348,38.84115785890103,-4.71
-5.0295062442563605,55.96612062962673,1,0.175164375210666,74.00822950723274,-4.678
-1.863548322884806,35.61101199582249,1,0.1776717571599812,11.600939890232516,0.523
-3.118682621739116,44.61596918426091,1,0.1634596519081353,19.420578929450517,-3.43
-3.367744600946788,41.586064640437904,1,0.1874482905075485,25.496599036284397,-4.099
-2.488347813874048,28.201561661513583,1,0.5222097709947134,39.02784531432067,-2.39
-2.1856503504699782,33.345784882340084,1,0.3340767502280997,18.305461995803785,-3.091
-2.2123390075492986,36.56511003967957,1,0.2484039919742192,18.19910120538483,-2.09
-4.0311382803369264,43.7576852015354,1,0.1458481469341037,29.800041095617345,-3.586
-1.7571755127932636,28.1875,1,0.2990511406684839,13.847474399381248,-0.85
-1.6752070385751994,20.70372879928315,1,0.5731571451697945,27.19203322199788,-1.52
-6.243206422190781,56.54164248190455,0,0.1223139752162714,47.46734805431147,-7.2
-3.202429163540544,35.33533099992564,1,0.2714252770536675,32.372151489304386,-3.61
-3.1723406314438565,31.027401934040167,1,0.426915117607808,39.02784531432067,-3.38
-1.9054168773097655,25.71838335229898,1,0.3541149051999236,0.0,-2.616
-3.1723406314438565,29.34186086912346,1,0.4343648330071429,32.60702369139466,-3.39
-3.3074823233394204,38.09152680090604,1,0.1568660393947751,37.255572541998674,-2.322
-3.924463749587873,34.75488750216346,1,0.1132150329821852,41.96165390246666,-4.29
-4.66619774044247,38.915543558574775,1,0.1963505876943024,42.61280567154328,-3.493
-1.4319984103087244,17.737949406953987,1,0.3281036344542647,13.847474399381248,-1.99
-2.421504214978162,40.83747231904299,1,0.1711209268783524,25.68328649170404,-3.168
-2.456536625930476,26.26911395872904,1,0.6059495626562461,6.06636706846161,-1.99
-6.504624227887643,80.78972500528847,0,0.140805227003334,46.40375956093006,-6.86
-1.503585402288426,17.936322181636243,1,0.5437421240558254,13.847474399381248,-0.82
-4.509918280336927,41.85005423243351,1,0.1827663945364909,29.800041095617345,-3.78
-3.055349557103468,27.57483227619536,1,0.1280509263610378,34.88945568047582,-3.4
-7.957817988947085,86.84286953496533,0,0.1406441050640888,69.60563934139509,-8.71
-4.942565986107159,47.95997422324707,1,0.1433101589846139,47.46734805431147,-6.56
-1.1820349442332263,25.853911462169474,1,0.39770883991128,18.19910120538483,-0.96
-1.8338240435363804,43.70162425769907,1,0.1412408533686208,18.572861836593773,-3.68
-2.5694957021093607,25.94856356261277,1,0.143851624396445,24.26546827384644,-3.04
-2.0811365029859434,48.07185530905899,1,0.1762144969520594,6.06636706846161,-3.62
-1.3141805002407092,19.03258334775646,1,0.198887756931408,32.60702369139466,-3.3
-2.988497962340014,36.52805938641671,1,0.3069572187284488,18.305461995803785,-4.23
0.0466284270463995,12.82635907355326,1,0.833835955215961,0.0,0.43
-2.3323446970415698,31.484818924578448,1,0.1796287469164127,13.847474399381248,-2.4
-2.2668428941944314,29.29811395452504,1,0.2404773450383208,11.600939890232516,-2.57
-1.32901139470886,22.886960238754725,1,0.4399992749239393,0.0,-0.43
-3.064718546210376,27.8165430686165,1,0.286356733707183,17.667306958694127,-3.483
-3.371932386945561,43.7709762989226,1,0.6299407074423674,34.802819670697545,-2.67
-2.3766293790726096,20.299202075737345,1,0.25,46.40375956093006,-2.31
-7.212896087369261,76.64336371180667,0,0.1143830362914699,88.33653479347062,-7.92
-2.3439242259185447,22.92976312449921,1,0.4822959614899365,19.765380445542643,-2.35
0.3208631537765057,12.059148616800233,1,0.5729703730187962,0.0,1.58
-3.442875597615839,30.59041086255795,1,0.2369283466194409,6.06636706846161,-3.043
-2.5901974821511518,33.63247034911945,1,0.6956083037558123,23.20187978046503,-1.25
-3.2719069788330213,42.5633490247921,1,0.1696304907027832,30.33183534230805,-2.404
-4.228455513393736,47.86111423279917,1,0.3176710670979745,38.112942673227685,-4.07
-5.331264045721824,62.61162673828996,1,0.1921637325751325,58.00469945116258,-5.65
-1.266695888550464,17.714154012166684,1,0.611853477327429,20.268296022307258,-1.11
-1.845265607248686,22.246358768262773,1,0.4372019243482501,17.72514474373703,-1.99
-0.6143474307521162,12.569749745077868,1,0.7222752869325083,6.923737199690624,-0.6
-5.120276962299644,64.6997556029916,1,0.363818265873222,46.40375956093006,-6.29
-2.6936826537136835,40.96140557126073,1,0.1752547547944793,35.33461391738825,-2.154
-5.014422659767251,47.84063426256734,1,0.1655850286054678,17.667306958694127,-6.02
-10.897744549127715,122.69474833964296,0,0.1006870810953413,116.00939890232512,-11.6
-3.871231533997496,39.68925901792807,1,0.1342382826883872,46.2617792402574,-4.4
-1.856670951274897,39.11131068090368,1,0.2093215756291889,11.38172479611316,-3.37
-2.7343893611033536,25.208115106594757,1,0.2184091451796196,32.60702369139466,-4.24
-1.1297854022884255,17.936322181636243,1,0.54784575945815,13.847474399381248,-1.21
-0.963228744979885,27.27483795151384,1,0.5999600220549102,25.68328649170404,-0.88
-3.1000691715784923,25.866290375229028,1,0.1836006488712949,38.68304379822854,-5.05
-2.6831547003950464,25.714358998507173,1,0.1280945608258008,41.03950762137913,-5.05
-2.4095482422051666,38.24849367586925,1,0.1775582528059985,23.20187978046503,-2.111
-3.803440499086384,43.34454953511394,1,0.2672267243329166,18.41727604861553,-4.8
-2.0970878138740474,25.92052554896016,1,0.5472640488426079,26.186202068468653,-1.72
-2.478313352247709,30.66787362920677,1,0.1877259404007975,34.12904510333418,-2.55
-2.919359767221437,31.52280834342952,1,0.5148361061645451,21.99631096641096,-2.67
-2.7594167316037828,27.50542471707443,1,0.4486868053452033,32.60702369139466,-3.17
-1.533915885194523,28.87745756745506,1,0.3582314312948614,0.0,-1.947
-2.139912661802205,37.79123716543316,1,0.1769517814201405,19.26246486877803,-3.06
-4.790758455146341,44.222582845480346,1,0.2329476060666121,41.93277523254056,-3.754
-4.715783175718117,36.9992235395211,1,0.4022561951470231,25.12283840507545,-5.24
-10.31734131706445,97.30212170123224,0,0.0461614384517711,167.94719334960556,-8.334
-1.8810839233973784,35.8676687467548,1,0.1562990258500823,0.0,-3.93
-2.916432133684069,47.32733879775904,1,0.2571894519369967,0.0,-3.094
-3.9675643652800887,43.859184019370375,1,0.1339869891112188,36.39820241076966,-4.55
0.2660924039033264,10.214202782425229,1,0.505939579517962,0.0,1.34
2.565914580946247,43.934443330077706,0,0.1683392417421014,0.0,1.09
-0.8928958885504639,18.434146109043,1,0.6270890606397844,13.847474399381248,-0.8
-0.902310349286252,18.888700967020085,1,0.7794067334235751,0.0,-0.03
-3.2553959191709056,32.77797447197982,1,0.2421137646954649,11.600939890232516,-3.924
-2.102616999638267,28.08431249949667,1,0.4535306790795443,18.19910120538483,-2.32
-2.2607422005496858,23.58736256250015,1,0.1436957015991499,34.61868599845312,-4.74
-2.277339294370529,19.235135455005175,1,0.5781238559192324,0.0,0.36
-1.9100885629909348,26.145699318816817,1,0.4777931625286688,0.0,-2.41
-5.68128804626127,69.97698779936516,0,0.1384676011728054,58.55579977459783,-6.317
-2.158253133777759,22.00320743073542,1,0.4341784975221696,18.228060320501644,-2.06
-1.190775888550464,21.946156202715613,1,0.7071698040931643,0.0,-1.1
-1.249235888550464,18.434146109043,1,0.6210718512255659,20.771211599071872,-1.04
-2.8741189491948798,43.42214326935594,1,0.3797501153192795,60.6636706846161,-2.55
-1.5989153672858074,17.47469193012006,1,0.2296743867657812,11.64912463690315,-3.27
-2.1258770847062163,26.08663152951462,1,0.6641447691306541,18.19910120538483,-2.33
-0.776431439473811,24.577595818679622,1,0.3822053788569003,12.13273413692322,-1.836
-2.7745955502267585,34.02631001768811,1,0.168435184344894,27.19203322199788,-2.39
-0.975244168195422,39.74009657813647,1,0.2161197198174228,0.0,-0.6
-0.6841083949284741,20.09036607321842,1,0.2773483848202624,0.0,-0.807
-5.706395213239922,56.5774442355805,0,0.1377874836788724,59.06828794454399,-6.26
-1.8564623071425528,34.91092551152959,1,0.1831940185214483,12.84164324585202,-2.349
-2.599192278361068,23.862714211800487,1,0.1620092859906916,45.95158251401129,-4.53
-3.2623301699014693,33.91278334391029,1,0.2694735785890352,27.530883788181864,-3.63
-1.7504500110429777,27.807683516638253,1,0.3489410184105741,18.19910120538483,-1.803
-1.799852005212772,30.443442713059238,1,0.2534192321917486,6.923737199690624,-3.408
-3.814541605407488,46.36748083397888,1,0.4886049450206314,48.53093654769288,-4.73
-3.8068944358213823,40.80316764108216,1,0.2353891074111412,36.39820241076966,-4.38
-1.7934726851397882,25.466612132397216,1,0.7112258700816869,17.667306958694127,-0.7
-3.174966206064353,35.870135260183766,1,0.3433988510569135,29.960986154775945,-3.927
-3.884484427160828,45.7179912687884,1,0.1854839231652635,12.13273413692322,-4.71
-0.7932208242598805,22.30614971784178,1,0.4712340928988972,12.13273413692322,-0.72
-4.679099203503158,38.89179245150743,1,0.2601760642675558,13.344558822616634,-3.84
-0.9867789280331832,15.724527199619398,1,0.2919359873178671,11.64912463690315,-2.56
-1.7030821864039245,27.42210504504079,1,0.5921752235639846,18.19910120538483,-1.92
-1.8830950069404624,19.57287581092561,1,0.4554745494170709,22.85368109763997,-1.73
-3.699141163355408,34.11935060971666,1,0.2322655018091666,35.4884985994335,-2.461
-1.6307103678020731,16.387259602777974,1,0.4469252997470567,6.923737199690624,-1.96
-3.5028087403255728,50.120804183253256,1,0.1938564719107127,12.13273413692322,-3.5
-1.3605789280331837,12.45835189130899,1,0.3108058340193432,12.496841729759891,-2.73
-8.524084622729124,109.48426730927304,0,0.1190741728567836,92.80751912186012,-7.278
-1.266695888550464,17.714154012166684,1,0.6125421874137876,20.268296022307258,-0.72
-3.8097716256484704,47.888286732394434,1,0.1792072107310085,29.58082600149799,-4.2
-4.942565986107159,47.95997422324707,1,0.1418978330903694,53.53371512277308,-5.25
-2.1740194647614794,26.532081258052912,1,0.1555043741878066,45.448666937246685,-4.74
-3.3843144470478648,39.967219339647706,1,0.0994975852050603,60.6636706846161,-4.345
-4.104665176662424,40.12263983040339,1,0.168877334735056,6.06636706846161,-3.24
-1.2358087810221203,27.891483449063443,1,0.311323532941528,0.0,-0.82
-5.81676757654515,59.9827241982028,1,0.1680875090042655,86.84987275308477,-6.301
-2.6748581302778742,29.139900489289666,1,0.3122112384362658,23.58774127754977,-2.617
-2.006976560435804,35.55862621316703,1,0.2581735420594418,11.761884949391115,-2.676
-3.4482147003950465,31.375750671093662,1,0.1281545728864345,58.79322575986332,-5.88
-2.6338861980811963,45.44829630859456,1,0.1781525939866596,19.420578929450517,-3.09
-1.6209679718817998,22.75804087611436,1,0.170047075576907,39.02784531432067,-3.85
-3.252710357530338,42.1890058667192,1,0.1775615434675786,23.20187978046503,-4.376
-0.8244293766420586,9.926052013809633,1,0.3449046453411883,20.268296022307258,-1.94
-4.366351025239022,32.61438928879869,1,0.2521077883207155,32.04657560476608,-3.26
-0.8824210444257117,21.0583575536178,1,0.2522558600316172,0.0,-1.22
-1.5092950069404625,21.164983031257208,1,0.4585548620570902,29.7774182973306,-1.59
-3.165002738409923,35.9347912748303,1,0.2529976761791768,0.0,-2.478
-2.246537239218853,29.11645973688573,1,0.352381384042546,0.0,-1.11
-8.69824082833265,96.63674319642392,0,0.1218135145638255,81.2065792316276,-8.94
-3.207794118212919,32.89915781527258,1,0.3642859634978699,32.25256913693026,-2.59
-3.653162118534136,37.12670025446663,1,0.2401964845915404,0.0,-4.43
-2.844176033840552,26.741781976259823,1,0.336159690602271,6.06636706846161,-2.581
-1.6608083949284744,21.870130629119704,1,0.2758454941181579,0.0,-1.506
-2.746125268566012,28.57316134821585,1,0.317806432687865,32.04657560476608,-2.863
-2.587681653641208,33.433380205271575,1,0.3134006437793956,18.305461995803785,-4.11
-5.199940180324088,46.46565154469224,0,0.3846097859010566,41.72655687038817,-5.752
-0.5106004425381634,27.02823890138893,1,0.264468067539028,24.304080427335524,-2.932
-4.090701114605385,45.710404981078014,1,0.3658314999661387,52.47012662939168,-3.76
-2.2083732538472125,34.94889539160582,1,0.417342623252418,30.33183534230805,-3.0
-1.028077856647781,28.038556088594618,1,0.2759852860718039,6.076020106833881,-1.899
-1.5377462934674953,22.108458593344352,1,0.6773215374468229,12.13273413692322,-0.68
-0.0866281793474191,11.75,1,0.7044232911917763,6.578935683598497,0.57
-4.866360748289683,50.25955954589879,1,0.246656535431115,31.18246387884163,-4.173
-2.147370721808897,33.15450936039659,1,0.3729168969379626,0.0,-1.48
-0.9503131193581226,19.288222235042777,1,0.5560577263774392,12.13273413692322,-1.33
-1.393566751529678,17.7169171866887,1,0.3326616118810416,0.0,-1.458
-5.132216987327226,42.521691067482834,1,0.2748778839840904,43.973091379536896,-5.696
-3.924463749587873,34.75488750216346,1,0.1133680706508149,36.39820241076966,-4.14
-3.7441257659067686,39.129903860975965,1,0.5467478842212558,36.39820241076966,-4.6
-2.4967295404832406,25.12481390315176,1,0.1477025290355992,35.392371257240434,-2.82
-1.527719813016748,43.4581315432412,1,0.2523825080866698,34.802819670697545,-0.22
-1.2830611780696946,29.978000669008107,1,0.1970857802359491,0.0,-1.886
-2.732711006348368,40.96996301358272,1,0.186727982370139,12.13273413692322,-3.35
-1.9243023278147364,29.69876609620211,1,0.3246662290324951,12.13273413692322,-2.38
-4.49996365195649,35.29105912816664,1,0.2520884132435594,36.54643860308167,-4.77
-5.040947444787527,51.98119296261753,0,0.1969231118487002,54.77441847839258,-5.915
-3.2515702334515124,46.72236617219646,1,0.1812680465770241,19.420578929450517,-4.88
-5.706395213239922,56.5774442355805,0,0.1398491473826588,53.00192087608238,-6.14
-5.755612411009769,54.49351552307334,0,0.2740397689139433,47.99914230100217,-5.931
-2.5901974821511518,33.63247034911945,1,0.7218766437904729,23.20187978046503,-1.34
0.0105401630459143,45.96356218094961,1,0.1967831539716522,0.0,-2.22
-1.9294389188551315,21.282430216852035,1,0.3644897178309054,29.7774182973306,-2.43
-1.5694814735042704,13.91198770770094,1,0.5428545798387518,6.923737199690624,-1.47
-4.590207101046304,34.89559799787412,1,0.2215493105827469,11.600939890232516,-5.36
-2.530748860589654,33.027718987757495,1,0.3269574539581327,46.38057094784424,-3.68
-1.266695888550464,19.801184636345152,1,0.6218540801183579,20.268296022307258,-0.8
-1.7522492943705288,21.81498609888591,1,0.5846077454744893,12.13273413692322,-0.85
-3.666625535117526,36.04035856540512,1,0.1625907501909554,42.7771756038551,-2.647
-4.680741575472777,31.534873599817946,1,0.1967231338537056,0.0,-4.554
-2.834612394121515,28.300728478866205,1,0.1144672832331953,44.179309741689295,-4.12
-0.9271230879570366,16.589111045234063,1,0.4753776050291752,0.0,1.1
-3.180054046202029,36.156258791407794,1,0.1631443836307745,27.19203322199788,-2.39
-9.681369674321292,126.5522045937605,0,0.0876656738358466,46.40375956093006,-6.8
-3.680441418886677,37.75036869483155,1,0.1666666666666666,69.60563934139509,-3.67
4.250913290197333,71.53879302536558,0,0.0957807369459192,0.0,0.358
-2.3035132719372453,32.20909781927399,1,0.3370008477690572,37.94808701785976,-3.4
-2.618453472714392,31.230509990945265,1,0.3225291937516031,0.0,-3.81
-1.7432279718818,27.64912501682698,1,0.1428571428571428,44.94575136048208,-3.51
-3.1852445274802514,36.33576200808331,1,0.3602933237408885,23.20187978046503,-3.2
-4.818253252565685,59.20768961173887,1,0.1364527386914936,18.19910120538483,-3.8
-2.915205051471932,37.50619562832948,1,0.2252577331530815,19.26246486877803,-4.594
-3.4634431160051373,45.17887936822239,1,0.1449655142894338,18.572861836593773,-4.31
-2.710286033840552,26.665529749280687,1,0.4010547388416763,0.0,-2.35
-2.619390793417724,26.81972181875223,1,0.2662361020221473,30.33183534230805,-2.39
0.1292029568463906,9.7520386326847,1,0.9045877396613669,0.0,1.1
-0.3986061027898508,14.100285995323071,1,0.7320747417140312,13.847474399381248,0.1
-3.94901312411532,47.06903285589892,1,0.1978288237286641,18.19910120538483,-4.805
-3.1118250589034897,30.22935372325505,1,0.2403257395970014,6.923737199690624,-2.523
-2.287405162074553,38.70225468019829,1,0.2525093911738313,15.929943897949348,-1.71
-0.742605195967224,21.632579989653912,1,0.3193697855459313,0.0,-0.667
-5.891670741745881,53.0579557652093,0,0.2095880067549556,61.31482245369272,-7.337
-3.686602472508175,43.77484907559614,1,0.1649956569267448,0.0,-3.561
-4.634804247833502,54.69795310330747,1,0.1789487476912773,67.58740788430673,-5.071
-2.1558514394738117,24.935548104474385,1,0.3592695056104386,18.19910120538483,-2.33
-4.392606467126006,32.167674455794135,1,0.259556193784894,25.12283840507545,-2.73
-0.9638384103087244,18.25,1,0.2556985977490313,12.152040213667762,-2.59
0.4829130402062782,3.816483617504394,1,1.0,7.426652776455239,-0.9
-1.551677901786111,18.82721372121196,1,0.5153375282263765,13.847474399381248,-1.92
-0.9450670385751992,23.14733817698749,1,0.5814815808134164,27.694948798762496,-1.22
-1.4038562934674952,24.353911462169474,1,0.5486806574534626,30.33183534230805,-0.4
-4.285403530691854,46.02251473122027,1,0.2098045519239166,30.33183534230805,-3.88
-2.345269048869569,33.64379505098978,1,0.2266380397273616,0.0,-1.95
-2.231123257069624,24.1840392578253,1,0.4790641537852673,26.689117645233267,-2.13
-4.776047009387291,46.24929307983449,1,0.0949636829194482,60.160755107851486,-5.84
-4.481116462516357,72.0,1,0.2005178659172409,47.78983169384804,-5.6
-2.4967295404832406,25.12481390315176,1,0.1484587928900573,24.26546827384644,-2.8
-3.8096264854141344,39.483157776222406,1,0.3867989180340545,24.26546827384644,-4.22
-2.321572355754054,25.41575848380837,1,0.590970704480355,18.19910120538483,-1.52
-6.446629430587615,68.57368122728357,0,0.081843882724774,72.79640482153933,-7.8
-3.81512312411532,50.14670596661555,1,0.1960758046284923,24.26546827384644,-4.632
-2.2498179718818,18.817055263687443,1,0.2266355928227036,25.841400552376523,-3.73
-1.070286102789851,15.285474895079512,1,0.8212871567665734,0.0,-0.09
-0.6226834675724673,32.554387511778884,1,0.1738654768849609,0.0,-1.25
-1.11617707163951,17.067837509535288,1,0.7765138836412805,0.0,-0.24
-1.1956906928912894,25.69832886099526,1,0.4831333533423181,0.0,-0.74
-1.880634881883884,21.91978897812849,1,0.3467786913326984,0.0,-2.436
-1.3646143688016217,16.28162645183529,1,0.637515098591351,13.847474399381248,-0.74
-1.6152610027631449,37.20138756185203,1,0.2650707193421075,6.4208216229260096,-3.171
-7.957817988947085,86.84286953496533,0,0.1222004562948548,81.73837347831831,-8.01
-6.978228192529344,75.07492637415743,0,0.0701387187828875,84.92913895846256,-7.87
-2.865086620019952,28.088138246456808,1,0.1280126518464554,24.26546827384644,-4.37
-3.816147577595526,43.8318475646478,1,0.2433184205789147,19.420578929450517,-3.45
-2.749806625930476,25.236246306225823,1,0.5579439813767098,18.208754243757102,-2.92
-2.0970878138740474,25.92052554896016,1,0.547292113660097,26.689117645233267,-1.6
-4.040681998606841,34.12147212725228,1,0.0994289203603781,56.5180374107767,-5.21
2.2317318555873884,31.556155551824297,1,0.2070650037953527,0.0,0.39
-3.045297049873022,33.945006451883025,1,0.2339239910554402,18.19910120538483,-1.601
-5.477811933053511,55.71272136531476,0,0.2254009771609063,67.38118952215433,-8.017
-3.347866603759015,35.609004824812345,1,0.2658172876778317,0.0,-3.42
-0.8594803492862518,14.29229296672175,1,0.6091465574798365,6.076020106833881,-0.15
-1.845265607248686,26.09705548780492,1,0.4430431639544589,23.2982492738063,-2.46
-7.000855007875503,58.62193353304844,0,0.0788797370031133,54.09438803938988,-7.92
-2.87186176130878,29.461446373143847,1,0.3426482890674076,32.03018097169837,-3.53
-4.776047009387291,46.24929307983449,1,0.0950866473945803,54.59730361615449,-5.85
-2.0080132709123046,31.63388153815468,1,0.222902709274644,18.19910120538483,-1.57
-0.4696256793273014,9.509775004326938,1,0.4210224269884365,6.076020106833881,-1.08
-5.7082077162458695,57.07368122728358,1,0.2277287389867506,48.53093654769288,-5.4
-2.657603371098125,29.41154681383001,1,0.233662638268046,17.521374209088158,-3.9
-1.4107776514077517,26.75,1,0.4068467646253357,0.0,-2.37
-0.6641040736941088,14.650110843168695,1,0.5793270812420603,6.923737199690624,-0.49
-3.279106178451973,26.09475791313096,1,0.2835488295393453,32.60702369139466,-4.0
-2.830792274602763,44.99698629931746,1,0.1494054422784135,19.92349450621513,-5.613
-0.4975398025731922,32.582131268058525,1,0.2062481718454738,11.38172479611316,-1.995
-3.364429757905245,39.29022709499203,1,0.2735400320712856,11.600939890232516,-4.03
-0.5475027501564685,14.12674833210577,1,0.5,0.0,-0.22
-1.290191016200543,19.3974613230514,1,0.2906716154645297,0.0,-0.972
-3.1147727302582204,34.63015266316584,1,0.2929365374092338,12.13273413692322,-3.672
-1.3278330856265723,19.981454170753217,1,0.3317698442706641,0.0,-2.273
-1.1270508345985493,12.993974703476994,1,0.7109991747003386,6.923737199690624,-1.06
-1.8403640277364672,25.0,1,0.5,0.0,-1.06
-3.371932386945561,43.7709762989226,1,0.6536304201744504,34.802819670697545,-2.67
-3.931831649210435,40.257113992714,1,0.096085736465682,60.160755107851486,-4.62
-2.2220947523518912,26.972976994990923,1,0.2548482812767597,25.92692432582241,-1.62
-4.565661576512394,54.63709585713149,1,0.2209237077077351,46.40375956093006,-5.56
-3.1838593273748232,26.558890612510183,1,0.3405595115439199,13.344558822616634,-2.24
-3.4393310954569456,31.47653169512922,1,0.1832368296563704,26.344316129141134,-3.46
-1.259883257069624,31.016258969714027,1,0.554824727541465,32.10410811463005,-1.29
-2.1805408907343558,26.19594964293913,1,0.4330233959611612,12.13273413692322,-1.5
-3.20891824798965,38.22196517496658,1,0.2862813260651751,0.0,-2.3
-3.5013074144068974,47.89125606121635,1,0.3068568605175654,13.847474399381248,-4.16
-1.800219464761479,23.74937501201927,1,0.1500536600249671,39.53076089108528,-4.3
-0.908933202819753,13.671143071538427,1,0.2636462680271478,20.771211599071872,-2.55
-1.030729148097026,20.39156160594377,1,0.2561978426901287,0.0,0.009
-2.292692588440671,27.717795843669904,1,0.396001521648965,6.06636706846161,-2.0
-2.013767125305438,26.103006240264392,1,0.2040751100193551,42.98679113274043,-2.82
-4.417179810857412,56.40115189315608,1,0.3831973196513425,46.40375956093006,-4.02
-1.2714853672858073,21.331172802194736,1,0.2215867289688878,18.57286183659377,-3.18
-3.322268061686397,35.71349822823692,1,0.4578952516927212,51.8694885601727,-3.63
-5.354963534134187,51.26808825981832,1,0.0885195773510694,60.6636706846161,-6.68
-2.4258940537980678,32.85815003557704,1,0.25,46.40375956093006,-2.54
-1.7992379289184517,35.75,1,0.2387683002308359,0.0,-2.29
-3.971765513393736,32.21603271523779,1,0.3902251466006955,24.639228905055383,-5.282
-6.465636325971258,59.47094170142381,0,0.0815580882225204,54.59730361615449,-7.85
-1.3820743688016217,17.921842194693067,1,0.5764176047052474,13.847474399381248,-1.52
-2.0664670385751998,24.512731335023204,1,0.5616538317034973,32.60702369139466,-1.81
0.3691264373472808,7.0,1,0.5,0.0,0.29
-5.074115335638913,54.68850827847373,1,0.0982810847410374,60.6636706846161,-6.0
-1.8172605002407087,15.57894792087341,1,0.2567226925848007,25.841400552376523,-3.23
-2.83661969699095,39.66849836113588,1,0.2032868725798521,35.48754806905859,-4.862
-1.6018465057257236,26.45449910674735,1,0.3747631660054923,18.19910120538483,-1.8
-0.98418594980076,15.0368602655289,1,0.4497395265476873,6.923737199690624,-0.8
-2.344433287716148,32.603589612462834,1,0.232330406476185,0.0,-2.82
-2.277339294370529,19.235135455005175,1,0.5756180261663633,6.06636706846161,0.38
-0.553266660919497,17.802797331369227,1,0.5282482815329421,0.0,-0.36
-3.850236358103065,44.482900233878325,1,0.166285189462724,12.13273413692322,-6.34
-1.638713851347129,25.237949406953987,1,0.3152639897368633,35.435270352154696,-2.42
-6.152507296609523,59.55660853747008,0,0.0796196994432102,66.73003775307771,-6.57
-2.428524214978162,30.53009755069738,1,0.1629628004805312,19.92349450621513,-1.708
-3.7902854759326834,45.0,1,0.2122767372541593,40.86918673915916,-4.0
-3.5041142274904544,45.08395232667354,1,0.2698115841571445,36.39820241076966,-2.92
-2.0425109188243216,19.39195404241258,1,0.3828614988203446,6.923737199690624,-2.51
-3.5830040465119937,32.779420664801805,1,0.4138027691293163,39.02784531432067,-3.8
-1.6074065458668945,26.493974703476997,1,0.5924524675426542,29.51460782675868,-1.6
-2.616770319564508,34.34047558187258,1,0.2294608289539389,18.19910120538483,-1.83
-0.2965645233392958,14.949875002403854,1,0.5789501599289939,6.578935683598497,-0.22
-3.699361108020845,39.09106281944291,1,0.2595993956126101,24.35060757996992,-4.706
-4.1615239941358215,35.332271802697775,1,0.1157076698266079,6.06636706846161,-4.0
-2.7014202068811493,44.00871212937034,1,0.1656620864920048,32.10410811463005,-2.982
-4.9613361034125205,51.02152948310336,1,0.3673987644860049,77.55277505187675,-5.84
-3.63659523271825,41.87846046381262,1,0.2223615195589315,12.13273413692322,-4.194
-2.790325882761411,39.5,1,0.3307537887563039,34.802819670697545,-2.18
-3.947596935841852,46.69846003210928,1,0.1907501564581385,19.420578929450517,-4.21
-2.4081031337777588,28.242587833700192,1,0.5763834742526907,32.903945735995094,-2.41
-5.34298108139914,51.85120150990596,0,0.2393350833543703,55.82843437859245,-5.24
-3.364429757905245,39.29022709499203,1,0.2464940551704139,23.733674027155736,-3.54
-2.194275933920694,27.8363992259387,1,0.5524072974149383,6.06636706846161,-2.16
-0.9751559239316672,22.826625372424548,1,0.6981279640439851,18.19910120538483,0.0
-0.55960157746339,10.804820237218406,1,0.4267847248931489,6.923737199690624,-1.24
-3.0159528807786007,36.22803936548186,1,0.2998675674365779,30.33183534230805,-3.54
-3.573861902147709,56.4784772805837,1,0.1656866695807364,36.39820241076966,-3.27
-1.4541970847062164,25.668988490811223,1,0.5237075856027901,30.33183534230805,-0.92
-5.6148637945665705,61.13466627140437,0,0.0818734089965937,72.79640482153933,-8.057
-2.587463257069624,22.68963107493977,1,0.5172145667691995,26.186202068468653,-2.05
4.250913290197333,71.53879302536558,0,0.0957807369459192,0.0,-0.244
-5.429948783740722,92.67619587443924,1,0.1898528617643706,0.0,-6.98
-1.9857423071425533,28.40152618994308,1,0.1735691151074379,6.076020106833881,-1.16
-3.5899060728967567,44.66767084607376,1,0.1787233330420137,15.929943897949348,-4.56
-1.6752070385751994,22.722525673381703,1,0.5917521287486586,20.771211599071872,-0.85
-2.568210920996437,43.12135922911648,1,0.2135310134984241,11.600939890232516,-2.63
-3.2383756145748115,32.647545762407965,1,0.1533624573095857,26.344316129141134,-2.356
-1.282733202819753,13.09255135541351,1,0.2683828014144161,26.689117645233267,-2.57
-2.3628395404832405,24.703223963163985,1,0.1399852345989522,37.255572541998674,-2.77
-3.374683142236925,33.47770282218621,1,0.1180193804938028,42.46456947923127,-3.7
-2.602051261766336,28.79129015447095,1,0.4568383534531201,24.26546827384644,-1.3
-4.491594044541161,58.27211356256598,0,0.2054981183176429,39.34407343566564,-7.32
-6.793663546369009,59.44843841288693,0,0.1988842005846265,78.3526126732418,-6.637
2.0392199685246624,37.8547536539384,1,0.1745401827746152,0.0,0.64
-1.70281139470886,25.347301752840416,1,0.4506280005233379,0.0,-0.77
-2.753280793417724,24.74735136056257,1,0.2220241745620075,29.800041095617345,-3.52
-0.8684923521091479,12.557093303195758,1,0.8239188779368746,6.923737199690624,0.52
-6.180733040673319,50.14964317395624,1,0.2125043491427473,41.40098098584986,-4.09
-3.0384736454102024,31.280480533076435,1,0.3985016610670948,15.929943897949348,-3.083
-6.120534370190316,69.09499412611619,0,0.1629540042558559,56.31204387861251,-6.876
-3.371932386945561,43.7709762989226,1,0.6380324795616162,34.802819670697545,-2.34
-2.5532567634395,33.68158627393881,1,0.2648194967959956,0.0,-4.04
-1.4107776514077517,26.75,1,0.3720639296407289,12.13273413692322,-1.96
-5.699609749093064,54.29689241400548,1,0.2585564617989783,53.53371512277308,-4.38
-2.452105607248686,28.78077910341604,1,0.5893270550668716,0.0,-1.64
-1.6926670385751992,23.14733817698748,1,0.5738734604130239,26.186202068468653,-1.55
-1.40493139470886,21.32201134669469,1,0.4272214100751211,13.344558822616634,-0.42
-6.625542602293048,51.521022049318994,0,0.1981319613627105,31.52443439644765,-7.321
-0.83575707163951,16.70416524501514,1,0.679319819632328,13.847474399381248,-0.24
-1.0630881978150533,24.3676687467548,1,0.2710165837248889,0.0,-3.401
-4.6116889419087626,56.670220480621694,0,0.2564569930890318,46.40375956093006,-4.522
-3.7902854759326834,45.0,1,0.2371604502617944,34.802819670697545,-3.59
-1.9254779017861117,20.869714238882647,1,0.4996487622141521,19.765380445542643,-1.87
-0.6466440736941089,14.5689222781422,1,0.6221075581394448,0.0,-0.04
-1.2162414722762662,30.35704376683069,1,0.2154836896613507,13.847474399381248,-2.15
-1.7399486071109085,29.073855014060367,1,0.2415842118301782,17.696185628620217,-1.74
-3.294698557793025,37.905703484191264,1,0.3518632214303663,12.990104268152232,-5.03
-4.234823884899472,48.02901981273015,1,0.3078469167521729,38.112942673227685,-4.43
-2.4967295404832406,25.12481390315176,1,0.1412891575820774,35.392371257240434,-2.77
-3.707752789825889,34.53095385841867,1,0.2254187872441338,0.0,-3.15
-3.4455449896690578,41.95178683778053,1,0.4062962315471042,36.39820241076966,-3.504
-2.4805320252223555,39.41142368427517,1,0.1784225740116739,6.06636706846161,-1.8
-1.7762061124533477,18.781228806123387,1,0.1935592325455779,34.11577042168851,-3.55
-1.2642738290903737,26.15691823574533,1,0.2084594298463215,0.0,-3.22
-5.289736101795606,59.28634470865143,1,0.2800496245770903,56.12535606974514,-4.93
-0.61038594980076,16.60649692842837,1,0.5,0.0,-0.62
-3.924463749587873,34.75488750216346,1,0.1131418384040378,36.39820241076966,-4.72
-3.0063613834418064,26.18488128074051,1,0.4736863074175835,32.60702369139466,-2.58
-3.055402528591468,48.74351326689007,1,0.135459867244216,18.572861836593773,-4.13
-0.6492774860420542,15.598667959946235,1,0.3021860731402093,12.152040213667762,-2.1
-6.938906639557495,79.22653386948227,0,0.1355567395124513,78.87242492837322,-3.931
-2.8381542175188037,37.80984672755695,1,0.2987771443210594,18.19910120538483,-3.127
-2.246537239218853,29.11645973688573,1,0.3491156738852882,0.0,-1.11
-2.40144049378476,28.60044337267479,1,0.3464617189980013,23.733674027155736,-2.55
-2.0447394647614794,31.59900001923083,1,0.125,51.36657298340809,-4.15
-3.2793998807620843,42.566911748673,1,0.2000828046899021,25.22919919549441,-4.15
-0.1608764946738926,13.131114174444004,1,0.654639258318775,6.076020106833881,0.32
-2.3439242259185447,22.92976312449921,1,0.4834624828688871,26.689117645233267,-1.28
-1.6854794709910492,27.13564284459141,1,0.4691458725880613,18.19910120538483,-1.85
-2.4899673007504504,30.564775838330156,1,0.295980210084204,12.13273413692322,-2.05
-2.150813030845848,31.0,1,0.2755036048943963,12.13273413692322,-2.61
-2.67709946476148,22.27832709760706,1,0.2028608768489301,32.26222217530253,-4.44
3.675453290197333,69.17515424626305,0,0.0959736769558742,0.0,0.79
-4.035810795883254,35.84718212033252,1,0.1942509321749662,11.600939890232516,-4.114
-2.40144049378476,28.60044337267479,1,0.3830484688723394,11.600939890232516,-2.92
-3.4184931543064154,34.87529253040008,1,0.206051120842761,37.255572541998674,-2.64
-7.423169280408775,66.32073457304517,0,0.15754257987593,55.78024963192181,-8.003
-3.989583884899472,36.45873215476361,1,0.3903464229040479,12.990104268152232,-3.955
-2.598982416544808,26.69696854832631,1,0.4885526904674851,20.771211599071872,-1.85
-2.76177108478012,36.97234973592109,1,0.2728722181997985,12.13273413692322,-2.35
-1.0042389280331834,14.324267058235923,1,0.3025217022903986,19.92349450621513,-2.73
-4.142474779053211,54.39780692884816,1,0.6105294649579905,46.40375956093006,-3.15
-1.7394295044080723,24.717032936754777,1,0.2507240276106242,0.0,-2.296
-2.4943473456807688,26.5008402165928,1,0.2603957388718579,0.0,-0.854
-1.8828753672858076,18.1792790418243,1,0.2709339045445826,19.765380445542643,-3.01
-1.4081277240561532,21.82207828024285,1,0.5,0.0,-0.63
-2.510171518037474,26.10845859334435,1,0.7118918915893074,11.600939890232516,-2.78
-2.5901974821511518,33.63247034911945,1,0.6762166038744564,23.20187978046503,-1.55
-3.3485074654992024,43.09802746296081,1,0.3342924145324377,60.6636706846161,-3.12
-2.394962661802205,28.836842384497416,1,0.1678413462670262,12.999757306524504,-1.614
1.559613395475682,28.982458350160314,1,0.2518076604656639,0.0,0.7
-7.957817988947085,86.84286953496533,0,0.1308166850911426,69.60563934139509,-7.68
-7.936616906958246,73.84965312545532,0,0.0596255663164496,129.42226361204948,-8.172
-0.9906026262905652,32.781286295037624,1,0.2010764335131534,20.268296022307258,-1.807
-2.101944921835316,23.440863290101856,1,0.4146506723038849,18.19910120538483,-2.16
-3.0327592683441584,34.29909340452751,1,0.2368814726321446,23.20187978046503,-3.592
-6.6887972457926645,59.5879106899841,0,0.0775342804729811,60.6636706846161,-7.02
-4.106559572810953,68.98552021774863,0,0.1766295180157243,11.761884949391115,-6.237
-2.292692588440671,27.717795843669904,1,0.407750220234806,0.0,-1.97
-3.451211643814359,62.18512619808328,1,0.6072504073309932,0.0,-3.61
-4.495779524692885,42.24449762214918,1,0.2132087415004134,30.33183534230805,-2.925
-2.246537239218853,27.669843069257524,1,0.3492987205030023,0.0,-1.139
-2.753280793417724,24.74735136056257,1,0.22350667499071,29.29712551885273,-3.08
-2.510171518037474,26.10845859334435,1,0.7071250279363731,17.667306958694127,-2.78
-4.494356795774824,40.430070226126695,1,0.2765759726918145,47.60879026660536,-4.24
-2.5901974821511518,33.63247034911945,1,0.6451615189124892,29.268246848926644,-1.3
-0.7666246439405469,27.29321672243455,1,0.2249096708246246,0.0,0.651
3.286359968524663,48.0,0,0.1666666666666666,0.0,0.35
-2.3080481464785216,20.849003659115475,1,0.4941476090653092,19.420578929450517,-1.06
-2.1558514394738117,24.935548104474385,1,0.3615512502318669,12.13273413692322,-2.44
-3.208412394121515,28.300728478866205,1,0.1186478263392033,43.67639416492468,-4.06
-1.266695888550464,17.714154012166684,1,0.612262873064004,13.847474399381248,-1.14
-3.625963994135821,31.084517899881952,1,0.1081997373565279,50.09721578785069,-4.64
-5.317801426583079,46.81562146720627,1,0.0921124717084104,48.53093654769288,-6.57
-2.4419179210919566,27.879371310293465,1,0.3213250880670033,23.46952001485796,-2.07
-5.706395213239922,56.5774442355805,0,0.1377874836788724,59.06828794454399,-6.29
-0.772406102789851,14.10028599532307,1,0.7262254181798475,13.344558822616634,0.0
-6.243206422190781,56.54164248190455,0,0.1217990324587056,53.53371512277308,-6.51
-2.54101396380358,30.49298150774548,1,0.511673941267176,18.19910120538483,-3.03
-2.829451991582596,44.34670306234246,1,0.2996631538351806,60.6636706846161,-2.85
-1.836829470991049,24.69857696480659,1,0.534580349460461,0.0,-1.49
-2.435892186403924,25.61850652335357,1,0.5555512673139011,18.19910120538483,-1.7
-6.596815517496136,58.348859895457736,1,0.1390017682990228,29.268246848926644,-7.28
-2.433770918824321,19.39195404241258,1,0.3723855481168159,19.765380445542643,-2.73
2.565914580946247,43.934443330077706,0,0.1683392417421014,0.0,0.06
-3.2939719776430554,34.88872240037061,1,0.2882386517268026,23.20187978046503,-3.8
-4.5576234559812105,45.01792869998832,1,0.1857073778550854,18.524677089923134,-3.246
-2.664600442853576,45.889846853906185,1,0.2777515649885069,23.20187978046503,-3.04
-4.164538930317368,45.20721697448938,1,0.2775596247720834,11.600939890232516,-4.89
-3.790573749587873,34.785986860738824,1,0.1079271715879756,49.38830667892189,-4.17
-4.243078687237859,34.44423828272131,1,0.1891952721883962,13.344558822616634,-4.16
-3.704205408096312,29.55962668173545,1,0.4224430735161537,18.19910120538483,-1.94
-1.189303420893227,22.905337744983687,1,0.6044660775237294,18.19910120538483,-0.41
-4.572544270369208,42.55021847786789,1,0.2312501413580994,36.39820241076966,-4.799
-3.79132859758148,38.37418704210924,1,0.3267502506809017,12.13273413692322,-2.68
-2.165038744979885,19.96900689692852,1,0.567521049410725,13.847474399381248,-1.3
-1.249235888550464,18.434146109043,1,0.6215543622312222,20.771211599071872,-0.5
-1.009127486042054,12.190368174651136,1,0.3569680113351256,6.923737199690624,-1.64
-3.740186348236066,38.888797081509,1,0.4555538903202333,36.39820241076966,-5.27
-1.266695888550464,17.714154012166684,1,0.6125421874137876,20.268296022307258,-0.71
-2.207932278361068,21.217420313642563,1,0.1682514435602178,34.11577042168851,-4.36
-2.90678416866862,31.939795439776287,1,0.4879423510560931,45.448666937246685,-3.01
-4.711616177250495,45.75210061906784,1,0.2896461774388609,19.420578929450517,-5.284
-3.002181541955481,34.61102917892632,1,0.2482468887881385,29.268246848926644,-3.04
-1.6731963307055766,31.298270378913223,1,0.2741935727951679,18.19910120538483,-0.624
-5.457260390387368,49.49320554549863,1,0.2323935661968577,35.392371257240434,-5.47
-3.686602472508175,43.77484907559614,1,0.1649956569267448,0.0,-5.47
-1.7145835541739165,27.99190837660329,1,0.6030679280770066,15.929943897949348,-0.89
-3.4999542531547405,37.89401273914872,1,0.2210347321343202,12.13273413692322,-3.324
-3.251928084160729,44.92189804342697,1,0.3121272815663258,46.56470462008866,-4.88
-5.138696587390364,38.6675079204477,1,0.2188593720443141,11.600939890232516,-5.382
-0.9174243688016216,16.945574433746085,1,0.5595373513910119,19.420578929450517,-0.59
-2.143449294370529,19.963772975671542,1,0.5470506226079815,12.990104268152232,0.51
-2.367485352206909,32.522655268766044,1,0.1740515881565773,20.771211599071872,-2.21
-3.0258022005496863,27.601553861865277,1,0.1431069391578873,52.372404136937305,-5.24
-4.511439083399154,44.5,1,0.1894708636301721,30.33183534230805,-3.796
-1.7819470490320946,31.10075208489584,1,0.3925450909383461,34.802819670697545,-1.96
-1.9646670113954408,26.412860408596742,1,0.3210731082111859,0.0,-2.17
-2.433985882761411,41.0,1,0.25,0.0,-1.74
-5.769617717852332,55.41101572582777,0,0.2470651619896648,67.38118952215433,-6.291
-1.984866375713312,40.85784284662087,1,0.5,31.859887795898697,-1.17
-3.180054046202029,36.156258791407794,1,0.1632026179246184,20.771211599071872,-2.468
-5.366556079663663,54.882429645053605,0,0.3501006598600222,83.97359667480276,-6.35
-0.2094711017819966,13.554687570786292,1,0.6499985235987261,0.0,0.46
-3.361384423339641,37.57789796163672,1,0.4377285869972321,51.8694885601727,-2.94
-3.697763040015616,36.061780459070654,1,0.2412195152145416,0.0,-3.785
-1.7992379289184517,35.75,1,0.2259655446655843,12.13273413692322,-3.1
-0.756072200558386,19.47819583597757,1,0.6056472518104772,6.06636706846161,1.02
-1.306670349286252,13.737949406953986,1,0.7145114903739487,6.923737199690624,-0.19
-2.376006625930476,27.90085192564329,1,0.5797335930294769,24.284774350590983,-3.13
0.5615148105114922,45.88530687005064,1,0.1575474206887472,18.19910120538483,-0.85
-1.306670349286252,16.737949406953987,1,0.7194839362989621,13.847474399381248,-0.28
-4.209226444577379,45.26676764395914,1,0.0828176856262502,60.6636706846161,-4.62
-1.426045239754056,107.91860626998594,0,0.079727722339007,13.847474399381248,-4.081
-4.942565986107159,47.95997422324707,1,0.1418978330903694,53.53371512277308,-5.28
-2.6920952763742725,28.67635973880881,1,0.3453518741969799,19.92349450621513,-3.09
-0.83575707163951,15.257548577386933,1,0.6670009807654028,13.847474399381248,-0.51
-3.1483955502267587,36.3469242826194,1,0.1679838039428869,26.689117645233267,-1.661
-0.1028902682622905,13.20211779024265,1,0.5,0.0,0.26
-5.770296886922822,58.75234798874001,0,0.3343581926601623,90.39441829772878,-7.0
-5.723003545569791,57.22117236544022,1,0.2131515965580048,42.46456947923127,-4.445
-3.61880722455085,35.51933401648575,1,0.1745936931028455,41.93277523254056,-4.14
-3.374683142236925,33.47770282218621,1,0.117830752423832,48.02802097092827,-3.77
-1.459196529827769,19.743974703476997,1,0.6263110616947762,22.85368109763997,-1.09
-1.4769429626224055,17.369149879404056,1,0.5526618349264156,13.847474399381248,-1.34
-3.2623301699014693,33.91278334391029,1,0.2423643179993447,23.733674027155736,-3.19
-7.05050941665679,68.14145276145452,0,0.2423772805144149,56.31204387861252,-8.6
-1.7522492943705288,21.81498609888591,1,0.5847634892412079,17.696185628620217,-1.21
-7.957817988947085,86.84286953496533,0,0.1374338004904095,69.60563934139509,-8.56
-1.466564027736467,23.5,1,0.4294994501695388,0.0,-1.29
-1.5377462934674953,22.108458593344352,1,0.6778551708034818,18.19910120538483,-0.62
-3.5028087403255728,50.120804183253256,1,0.2061848984211949,37.92625486436031,-3.54
-2.6493403286934045,37.25,1,0.3263023907853922,34.963764729856145,-4.286
-5.963136094890169,68.83381368820419,0,0.1863700092184801,48.02802097092827,-6.01
-3.101213890502141,36.63960454996182,1,0.1512879286401203,0.0,-1.981
-2.7745091785504234,35.43937242337589,1,0.2759223196672139,18.19910120538483,-2.281
-1.503585402288426,17.936322181636243,1,0.5422808548414564,6.923737199690624,-1.36
-0.756072200558386,17.440602087780462,1,0.6544865329079852,0.0,1.02
-1.3780389280331835,12.798754581749108,1,0.29601341433356,19.420578929450517,-2.68
-2.5901974821511518,33.63247034911945,1,0.6282209746796626,29.268246848926644,-1.79
-2.9786926611454154,30.367289936709632,1,0.3538509225839564,17.667306958694127,-3.38
-1.4198661124533474,20.174385663055805,1,0.1840489559532773,27.694948798762496,-3.65
-0.8824210444257117,21.0583575536178,1,0.2522558600316172,0.0,-1.26
-4.520572515736027,40.010405591472,1,0.2461640783427474,30.49767650543161,-5.507
-0.8836993393282091,30.21828247811676,1,0.1989879304165551,11.336785877934735,-2.36
-5.013471306846216,56.87268177134416,0,0.3776151269901387,34.802819670697545,-4.46
-4.942565986107159,47.95997422324707,1,0.1327286375611698,59.60008219123469,-6.39
-2.381169462546185,37.871821065823326,1,0.2154411992504179,13.847474399381248,-1.13
-2.575956396700409,28.82503223407587,1,0.2803568936942773,0.0,-2.36
-2.008384664913265,25.05128201091113,1,0.6185091841045617,17.667306958694127,-1.37
-1.9482367538510732,35.37794584078528,1,0.283866826654544,12.13273413692322,-1.66
-3.0506187072376463,36.571353838361546,1,0.1540021293700291,12.999757306524504,-2.696
-3.966789237195541,38.82271085934124,1,0.1080145499231536,48.53093654769288,-5.0
-2.3952937516760926,43.0,1,0.5,31.859887795898697,-1.68
-4.232376159766473,47.17835350637027,1,0.0981326272997523,48.53093654769288,-6.35
-4.922352877608152,45.7676867525198,1,0.1911606531518169,35.866408164078955,-5.03
-4.695777234766082,43.90965385391519,1,0.1721274719566007,13.344558822616634,-5.53
-4.965355578539975,49.22179249330415,1,0.2521985541968899,42.46456947923127,-3.893
-4.776047009387291,46.24929307983449,1,0.0947855190380227,48.02802097092827,-6.96
-1.3014070385751992,21.85485692662691,1,0.5958648705065811,13.847474399381248,-0.92
-7.212896087369261,76.64336371180667,0,0.1340632193703934,70.1374335880858,-7.21
-0.5121391296823207,19.00718877653504,1,0.2918753408849965,0.0,-0.4
-2.598982416544808,23.527043546884,1,0.4940155589560087,20.771211599071872,-1.96
-3.247709911668068,50.50924843264944,1,0.338521607204402,13.847474399381248,-5.41
-4.695777234766082,43.90965385391519,1,0.1719393854502534,13.847474399381248,-5.68
-2.53298416866862,30.22636247953144,1,0.4966396010485495,39.02784531432067,-2.74
-0.8213004573143579,14.474982196366264,1,0.5410630549966187,0.0,1.07
-7.212896087369261,76.64336371180667,0,0.134988081264276,70.1374335880858,-7.8
-1.96234389273102,30.49478850348412,1,0.2482520391758023,29.777418297330595,-2.68
-5.682024390478128,55.22550230793857,1,0.231938394077842,52.372404136937305,-3.896
-3.7902854759326834,45.0,1,0.2577553808202132,34.802819670697545,-4.48
-4.177803530691854,45.03510793215274,1,0.1844404557285637,30.33183534230805,-3.796
-4.888809122322039,51.23763994633727,1,0.2719414446693831,47.46734805431147,-4.53
-2.732145036268621,30.28235989433133,1,0.2621789920998784,25.980208536304467,-3.536
-3.546178978944944,29.634936835262536,1,0.2224300143909903,48.53696758934401,-4.43
-2.4896433852189808,49.6795317653133,1,0.3333333333333333,47.78983169384804,-1.91
-1.4669184103087245,18.6838343733774,1,0.2276370422692884,12.152040213667762,-2.68
-2.607817413815333,34.26966780542538,1,0.2914308724272629,29.800041095617345,-2.878
-4.058866222910306,44.17312656394004,1,0.3043028080512783,36.39820241076966,-3.57
-4.942565986107159,47.95997422324707,1,0.1345189862416265,59.60008219123469,-5.21
-0.9125627810523284,12.61654166907052,1,0.3678224039639666,5.573104530069267,-2.33
-6.152507296609523,59.55660853747008,0,0.0796228653742804,66.73003775307771,-6.59
-2.0114592943705287,24.308255323722967,1,0.5983792236418701,18.19910120538483,-1.28
-3.759429270624602,56.24754921843116,1,0.1831751279970627,69.60563934139509,-4.92
-1.5709338577222325,32.2639768353633,1,0.1898925573216661,6.4208216229260096,-1.655
-4.637315591628564,32.042268070162315,1,0.2676887579813284,0.0,-5.153
-2.602051261766336,28.19508248050913,1,0.4839437809122481,24.26546827384644,-1.45
-2.559453133777758,25.00769304528861,1,0.5875973435588597,25.98020853630447,-2.08
-3.605254184823772,53.41239102745583,1,0.2489665469670556,37.96448165092748,-3.73
-4.481116462516357,72.0,1,0.184711206084072,15.929943897949348,-4.5
-2.8624901699408927,29.004959277849068,1,0.2378615018499578,11.600939890232516,-2.484
-0.3995942816101366,17.42623334166669,1,0.4858392237694094,0.0,-0.02
-5.20291202638909,54.11122629719264,0,0.2321392473019979,58.026784141070536,-6.025
-4.0840259369873415,43.042834549779215,1,0.3019000569844376,19.420578929450517,-3.999
-1.0776001894938751,15.563339137283135,1,0.5808044376297201,6.923737199690624,-0.72
-5.263405283488841,43.596164429195056,1,0.1884909602602856,29.800041095617345,-3.499
-3.248600618292964,34.70395970688796,1,0.2313876335090657,5.156663257125445,-3.59
-2.185487069585608,28.50616915991173,1,0.2762125756015278,0.0,-2.692
-2.3315733875055167,44.51604909517049,1,0.16203992452332,11.600939890232516,-3.05
-3.204080153784406,33.69041762669366,1,0.1960087977161982,25.47729295953985,-4.883
-5.213198562803626,46.9870700655705,1,0.2814857024053778,36.39820241076966,-2.84
-2.8651742572797545,59.66152047917754,1,0.2158941988912762,39.13182367841438,-2.28
-0.5786733952133488,26.490360470993423,1,0.4573053902252318,6.06636706846161,0.81
-0.1468039322419945,11.290089185705485,1,0.9112041475112818,0.0,-0.59
-3.314748001122421,33.34037047566416,1,0.3071464120011249,12.13273413692322,-2.596
-1.1039128316278224,21.818045838862197,1,0.2840785024079419,0.0,-1.488
-3.3756475227400173,31.49891768458829,1,0.201444637573408,18.524677089923134,-3.29
-4.615206880703292,35.29606239998544,1,0.2133764466481988,0.0,-4.871
-1.7424817077133952,29.772658690144254,1,0.2884591745096102,18.19910120538483,-1.6
-0.1608764946738926,13.131114174444004,1,0.654639258318775,6.076020106833881,0.32
-3.694890954037871,34.8959298684114,1,0.1730661528183887,0.0,-3.36
-2.797006649775729,35.44539400239502,1,0.2120461701306468,6.06636706846161,-3.32
-2.186005832702637,59.89360741299888,1,0.5,45.181741254136114,-2.34
-4.509956177250495,47.127563519085584,1,0.2848003356617337,26.344316129141134,-5.37
-5.423480725510853,57.78552693436693,1,0.1715526645141765,80.42905113015875,-5.886
-3.013618781063062,57.572487736302335,0,0.1984893103088566,22.76344959222632,-5.54
-1.467969386338661,28.988942845232437,1,0.3724718834002518,18.19910120538483,-1.77
-3.064718546210376,27.8165430686165,1,0.286356733707183,17.667306958694127,-3.46
-3.653310779054452,33.17511575739411,1,0.2095975871339898,55.19789431846272,-4.81
-1.700154208137768,24.87507010618228,1,0.3705010201182052,22.945938190054484,-0.83
-1.921360053268767,29.88134994132747,1,0.1862058117751947,6.923737199690624,-1.228
-0.9328703492862518,15.237949406953986,1,0.7191697734620711,13.847474399381248,-0.12
-3.924463749587873,34.75488750216346,1,0.1076411695831272,47.52510539416365,-4.89
-2.985694227490454,41.778363376776525,1,0.3329585069533674,24.26546827384644,-2.7
-2.6879742825195967,33.98069698485958,1,0.188215027767127,35.31581386325526,-2.81
-1.6434595164302317,42.163751152300456,1,0.181098644592179,0.0,-2.7
-2.790525080617646,33.713896993510986,1,0.2772720519016263,30.33183534230805,-4.735
-1.7936661124533475,17.71551634031143,1,0.1889076125201962,33.61285484492389,-3.68
-5.706395213239922,56.5774442355805,0,0.1458825473945683,46.93555380762077,-6.27
-5.406354497849829,59.60967246432623,1,0.3793257988525434,60.6636706846161,-6.2
-2.237562852128702,47.17807953218112,1,0.3407065936964396,24.43574688609339,-4.86
-1.324130349286252,15.452254680198294,1,0.6435496829976065,13.344558822616634,-0.85
-0.5968874307521161,13.76173889818379,1,0.8188499373753023,0.0,-0.45
-1.99573941173124,26.60242730625909,1,0.3790169038454361,18.19910120538483,-1.33
-0.7441859732246245,28.417367328675745,1,0.3432746971607411,4.9839785209472085,-1.989
-6.237354793758184,68.52175224409598,0,0.1167493478482942,70.6692278347765,-6.9
-3.645592006919298,34.84009356452433,1,0.2264456807487578,37.255572541998674,-2.337
-2.797006649775729,35.44539400239502,1,0.2120461701306468,6.06636706846161,-3.43
-3.6994544470478647,34.58164546158863,1,0.121868859438476,36.39820241076966,-4.63
-1.465511439473811,20.39156160594377,1,0.4378329850975683,0.0,-0.46
-4.769325456429041,45.948326013860125,1,0.2409378635492575,25.4965990362844,-5.35
-3.917048035952665,37.7148004602324,1,0.1856235944340001,32.372151489304386,-4.328
-0.875435888550464,20.896593835661,1,0.6368388769860478,20.771211599071872,-0.62
-3.055349557103468,27.57483227619536,1,0.1405276501011813,18.19910120538483,-3.2
-1.640495888550464,20.89659383566099,1,0.6075433972263484,26.186202068468653,-1.24
-1.8822977813788524,23.705272758600728,1,0.3999931788268275,17.34611923257809,-0.78
-7.957817988947085,86.84286953496533,0,0.1238327826368212,75.6720064098567,-7.82
-2.8116145183974157,42.19205029628549,1,0.232981955010094,12.844171518546268,-4.57
-2.317186033840552,26.436080987799308,1,0.3401437917103443,6.923737199690624,-2.452
-3.8393701223921672,42.42716629360329,1,0.1848753537049823,18.19910120538483,-4.76
-0.4393439322419945,11.46920585619588,1,0.8378654207582207,6.923737199690624,0.58
-0.7191823521091479,13.224319732202895,1,0.8410201585650621,6.578935683598497,-0.85
0.92779646835637,35.7156223728281,1,0.167479974418245,0.0,-1.23
-7.541263546369009,68.04904055244099,0,0.1980253638939073,90.18842476556458,-5.115
-1.411905657590987,27.846005502196423,1,0.1912845091438626,0.0,-3.38
-6.573830575316284,66.5139390157895,0,0.3067700291647967,103.2360615435808,-8.4
-1.7998005002407091,13.755371706288194,1,0.2668774054228114,18.9176633526859,-3.03
-2.246537239218853,27.669843069257524,1,0.3495004759228752,0.0,-0.91
-1.6521918223658218,23.96522220877565,1,0.4135684620220493,18.19910120538483,-1.0
-2.834210206881149,31.032087862077297,1,0.1580289276363547,26.344316129141134,-2.016
-5.490766757733785,61.0,1,0.3046726967591241,46.40375956093006,-5.43
-3.871231533997496,39.68925901792807,1,0.1342382826883872,46.2617792402574,-4.4
-1.9054168773097655,25.71838335229898,1,0.3541149051999236,0.0,-2.1
-1.1956814735042705,15.50409492803254,1,0.5577131786249433,0.0,-1.41
-2.968502394121514,26.78820794614243,1,0.1156098442198474,43.67639416492468,-3.77
-6.462741224544595,66.38470055548584,0,0.1294195281667907,70.6692278347765,-7.28
-3.4110931160051376,44.71231774543362,1,0.164335907013846,25.4965990362844,-4.9
-3.5213427384099227,34.86189424044917,1,0.2537212850294739,0.0,-3.239
-4.497400174312772,39.61869147999193,1,0.2359563829729487,29.800041095617345,-3.79
-2.165532170392344,35.42600365995918,1,0.1082102677624382,51.36657298340809,-5.19
-0.3636547323807397,7.899750004807707,1,0.5,0.0,-0.4
-1.503585402288426,17.936322181636243,1,0.5297382427028848,13.344558822616634,-1.34
-1.4950939586251497,32.59402173933318,1,0.236901982916827,0.0,0.43
-4.169437723114048,41.67016081934134,1,0.1388069252611859,54.06550936946378,-4.88
-9.43474148549886,105.82608121832914,0,0.117737990710881,92.80751912186012,-9.15
-3.515284581127636,49.017689953162176,1,0.2701774236550225,60.6636706846161,-2.98
-4.417911739103234,40.46816768235161,1,0.2378835900641126,23.20187978046503,-4.8
-3.7979416492104354,42.209631074939765,1,0.0892976826484835,60.6636706846161,-4.08
-3.2623301699014693,33.91278334391029,1,0.2673490652135278,33.59725085664348,-3.21
-4.692648572504532,37.25022278237536,1,0.2241549454460248,0.0,-3.021
-2.817152394121514,30.31952535296476,1,0.1180546347760053,51.10304694137992,-3.66
-1.5074370716395102,16.37610834407055,1,0.7356015505660841,6.923737199690624,-0.66
-0.8195102617780268,22.97404105754296,1,0.288880565203834,5.15571272675054,-2.19
-3.94919781613385,38.87607811580676,0,0.2697415598022379,31.917420659210403,-5.19
-3.725323300180301,37.16033980727912,1,0.2449485000023873,13.847474399381248,-3.64
-1.1956906928912894,25.69832886099526,1,0.4386406477933505,12.13273413692322,-1.74
-3.974945920457551,33.23518709920857,1,0.3552220228805697,30.12561698015565,-3.0
-3.5013074144068974,47.89125606121635,1,0.3068568605175654,13.847474399381248,-4.402
-6.462741224544595,66.38470055548584,0,0.1393815702054961,58.53649369785329,-6.47
-1.249235888550464,19.801184636345152,1,0.6434114744563189,13.344558822616634,-0.49
2.614679968524663,39.00588178128216,1,0.1740853063647024,0.0,0.74
-1.851592278361068,21.217420313642563,1,0.1658870858858955,34.11577042168851,-4.28
-2.1691856072486857,24.522887389359,1,0.4585389720677588,20.771211599071872,-2.35
-4.037247295298641,56.60584697979096,1,0.1611507642746444,56.1635828563123,-3.81
-1.4944029626224056,16.183960979647612,1,0.5058508861873903,13.344558822616634,-2.18
-1.2927504297527828,16.8728500092949,1,0.612223623051183,0.0,-0.29
-2.8471156145748115,32.841665067373015,1,0.1574576478228724,25.496599036284397,-2.593
-4.408791812410365,32.19109833111247,1,0.3250004149111132,11.64912463690315,-4.314
-2.442088161868185,25.46752709362732,1,0.351578230667701,0.0,-1.78
-3.677096465247049,37.57248937164359,1,0.2832077917028072,29.78081546406353,-4.925
-2.414367207728932,33.462398519457444,1,0.5754118225932188,36.39820241076966,-2.22
-3.6100823941215143,30.8621562566106,1,0.1210579098880812,12.13273413692322,-4.59
-8.09941073737798,82.41805003750011,0,0.0711182980800968,72.79640482153933,-9.332
-0.4619570716395099,17.395894410479876,1,0.6852853914600048,13.847474399381248,-0.18
-5.86725808884044,59.22508048093477,0,0.3084919631735633,59.06828794454399,-6.89
0.0407749529607467,33.64274107437285,1,0.222946505426562,6.076020106833881,-2.943
-4.398510300153091,41.99260266796572,1,0.3726663111439842,58.29031018309871,-4.69
-0.2903040736941089,16.199272204932356,1,0.5985418618003885,0.0,-0.63
-1.9254779017861117,20.869714238882647,1,0.5125690082547011,19.765380445542643,-1.89
-8.69824082833265,96.63674319642392,0,0.1216409600729963,87.27294630008922,-7.92
-4.105209077670576,49.62496165823392,1,0.1832676804159956,60.6636706846161,-4.097
-5.120276962299644,64.6997556029916,1,0.363818265873222,46.40375956093006,-6.18
-6.243206422190781,56.54164248190455,0,0.1223139752162714,47.46734805431147,-7.2
1.0636659840797258,14.25,1,0.3691681004264193,0.0,0.96
-3.154599702156546,27.34430282021261,1,0.4248407348947754,11.600939890232516,-2.86
-2.008384664913265,25.05128201091113,1,0.6216305901388537,11.600939890232516,-1.66
-4.942565986107159,47.95997422324707,1,0.1386650634207943,59.60008219123469,-5.27
-3.0163491151679143,34.17045587164786,1,0.1240652007740252,58.29031018309871,-6.08
-2.650014956985831,26.30219365132458,1,0.6402818433616244,17.696185628620217,-2.05
-1.266956235511559,24.712370055513823,1,0.3894515243908382,18.19910120538483,0.07
-6.237354793758184,68.52175224409598,0,0.1167493478482942,70.6692278347765,-6.9
-1.070286102789851,12.234449942105885,1,0.8008520846608767,6.923737199690624,-0.39
-1.564575888550464,18.11666994879548,1,0.6858131742440329,6.923737199690624,-1.34
-2.7594167316037828,26.036524662195525,1,0.4570772266756362,26.186202068468653,-2.74
-1.545198197815053,24.0,1,0.2197689902075492,0.0,-3.583
-3.342302394121514,28.080689196503,1,0.1202902161907178,38.112942673227685,-3.28
-4.142474779053211,54.39780692884816,1,0.5949507097660268,46.40375956093006,-3.37
-4.169437723114048,41.67016081934134,1,0.1365224289244537,60.13187643792539,-4.54
-4.6139509323679135,60.72036920460308,1,0.2300445327929292,42.46456947923127,-2.9
-0.83575707163951,16.70416524501514,1,0.6795633565479863,13.344558822616634,-0.29
-3.907731740663015,38.682290637039294,1,0.22000436844014,11.600939890232516,-5.233
-1.6926670385751992,23.14733817698748,1,0.573350025094841,26.689117645233267,-1.4
-3.025339379823798,29.4356200752928,1,0.1646485242713003,33.626129526569564,-3.19
-4.565661576512394,54.63709585713149,1,0.2024991002226271,46.40375956093006,-4.57
-2.1332126670894587,26.0,1,0.5788949494141292,15.929943897949348,-1.32
-0.7212601894938752,17.14593368577766,1,0.5466641115632882,13.847474399381248,-1.01
-0.57706157746339,13.79833099445768,1,0.2928630855461279,25.30991158086476,-1.87
-5.716045100547367,56.79700043937414,0,0.185215406333254,61.85626973875569,-8.176
-1.834132278361068,22.546073191249,1,0.1627950229959715,34.61868599845312,-4.36
-2.1558514394738117,24.935548104474385,1,0.3627901870639528,17.696185628620217,-2.49
-3.13482094024062,41.82163849619912,1,0.5122592254432358,36.39820241076966,-3.96
-8.41397212010419,113.30059462771833,1,0.2145543194868476,23.20187978046503,-5.259
-2.9827367203242647,35.68385737223213,1,0.1872862190609975,19.410925891078243,-3.538
-2.921459557103468,24.64405705551285,1,0.1312823417649482,36.75265696523406,-3.11
-2.965090319564508,34.63467954554006,1,0.1592797535848245,12.999757306524504,-2.17
-2.320915482362771,41.0,1,0.2252750441736261,0.0,-2.74
0.4902805185030798,32.40078459179624,1,0.1475285864926525,0.0,-1.95
-2.1448911640717787,36.07863264020803,1,0.2633786621982282,18.19910120538483,-0.364
-7.957817988947085,86.84286953496533,0,0.1233578770365885,81.73837347831831,-8.6
-2.064274491012542,30.590297895977194,1,0.740877080324995,15.929943897949348,-1.09
-5.706395213239922,56.5774442355805,0,0.1458825473945683,46.93555380762077,-6.25
-1.0042389280331834,13.983864367795803,1,0.2798478487832844,19.075777413358384,-2.54
-1.9254779017861117,20.14385474176344,1,0.5104655155513451,13.344558822616634,-2.25
-3.678081454666095,46.13218392740418,1,0.2472937687735412,0.0,-4.16
-1.4319984103087244,18.6838343733774,1,0.2496861114769331,24.30408042733553,-2.4
-3.133234048135712,32.172156356365875,1,0.258591364076609,0.0,-2.084
5.427883993444006,101.67211554445342,0,0.0661556209001116,0.0,-0.41
-0.5187265173123381,31.440225520502803,1,0.2047782015085877,0.0,-0.876
-4.046950638392497,33.316020380843966,1,0.2087125940254557,11.761884949391115,-2.928
0.159043276847048,32.798629268732945,1,0.1655454408554484,0.0,-0.17
-1.0950601894938752,17.145933685777656,1,0.543356659728409,13.344558822616634,-1.37
-2.578220173430898,66.84841594920074,0,0.0930444775951244,0.0,-3.571
-2.167466112453348,20.174385663055805,1,0.1866650264604533,39.53076089108528,-3.84
-2.344433287716148,32.603589612462834,1,0.2331651534267795,0.0,-3.0
